title,description,price,currency,surface_m2,rooms,listing_type,seller_name,seller_type,city,category,url,price_raw,price_range
Appartement à vendre 80 m² à Salé,"Les meilleures opportunités n’attendent pas, venez les saisir … Appartements de 2 à 3 chambres salon et ascenseur avec des superficies allant de 80 m² à 140 m²

Des appartements ensoleillés, avec des intérieurs lumineux, une finition raffinée et moderne de standing et des agencements bien optimisés,",792000,DH,80.0,3.0,Vente,,,Sala El Jadida,Appartements,https://www.avito.ma/fr/sala_el_jadida/appartements/Appartement_à_vendre_80_m²_à_Salé_57569210.htm,792000,Mid-range
Immeuble à vendre,"Immeuble à vendre de 3 étages possibilité de construire 6 étages, vide, inter-s'abstenir, 5 Rue ilya abou madi quarthier gauthier casablanca.",7500000,DH,,,Vente,,,Anfa,Autre Immobilier,https://www.avito.ma/fr/anfa/autre_immobilier/Immeuble_à_vendre_56077923.htm,7500000,Luxury
LOTS POUR MAISONS R2 A HAD SOUALEM DE 120 A 140M²,"Le lotissement Al Youssoufia se distingue par son emplacement stratégique, situé sur le boulevard principal Mohammed VI, à proximité de la municipalité de Had Soualem, des transports et de divers équipements de la ville.

Le lotissement propose une sélection limitée de lots de terrains bien orientés",414000,DH,,,Vente,,,Route D El Jadida,Maisons,https://www.avito.ma/fr/route_d_el_jadida/maisons/LOTS_POUR_MAISONS_R2_A_HAD_SOUALEM_DE_120_A_140M²_51625572.htm,414000,Mid-range
FES-AG-1098 - Appartement à vendre à Bourmana,"Situé dans le quartier recherché de Bourmana, à Fès, cet appartement de 129 m² offre un cadre de vie spacieux et lumineux.

Installé au 4ᵉ étage sans ascenseur, il bénéficie d’une orientation Sud, garantissant un ensoleillement optimal tout au long de la journée.

Sa localisation permet un accès rap",640000,DH,129.0,,Vente,,,Autre Secteur,Appartements,https://www.avito.ma/fr/autre_secteur/appartements/FES_AG_1098___Appartement_à_vendre_à_Bourmana_57553308.htm,640000,Mid-range
AGA-AG-1144 - Commerce à vendre à Hay Mohammadi,"Découvrez cette belle opportunité d’investissement au cœur du quartier dynamique de Hay Mohammadi à Agadir.

Ce local commercial de 21 m², en bon état et prêt à l’exploitation, est idéal pour lancer une activité ou développer un projet existant dans une zone à fort potentiel commercial.

Grâce à son",640000,DH,21.0,,Vente,,,Hay Mohammadi,Local,https://www.avito.ma/fr/hay_mohammadi/local/AGA_AG_1144___Commerce_à_vendre_à_Hay_Mohammadi_57274503.htm,640000,Mid-range
Appartement à louer 205 m² à Casablanca,"APPARTEMENT DE LUXE TRIANGLE D'OR 4 CHAMBRES

Appartement location vide, Triangle d'Or :surface 205 m 2ème étage",22000,DH,205.0,4.0,Location,,,Anfa,Appartements,https://www.avito.ma/fr/anfa/appartements/Appartement_à_louer_205_m²_à_Casablanca_57630570.htm,22000,Budget
Bureau de 75 m² au centre-ville,"Avec une architecture moderne et au centre de Kenitra, Assalam Centre vous propose un plateau de bureau contemporain, lumineux et spacieux.

• Livraison : Immédiate
• Type d’immeuble : R7
• Superficie : 75 m²
• Prix : 7 000 Dhs/m²
Adresse : Bd Mohammed V, centre-ville",7000,DH,75.0,,Vente,,,Centre,Bureaux,https://www.avito.ma/fr/centre/bureaux/Bureau_de_75_m²_au_centre_ville_49247289.htm,7000,Budget
Appartement 4 chambres & Salon 134 m²,"Cet appartement haut standing, situé dans un immeuble R plus 7, offre 4 chambres lumineuses ainsi qu’une cuisine américaine moderne, équipée et ouverte sur un salon spacieux.

L’espace de vie a été pensé pour maximiser la lumière naturelle, avec des finitions haut de gamme et des matériaux de qualit",1742000,DH,,4.0,Vente,,,Roches Noires,Appartements,https://www.avito.ma/fr/roches_noires/appartements/Appartement_4_chambres___Salon_134_m²_56494750.htm,1742000,Premium
Commerces rentables de 17 à 26m² à Beni Bouayach,"Situé à proximité du souk hebdomadaire (Tnin), ces locaux de 17 à 26 m² est idéal pour une petite activité commerciale. Prix à partir de 136.000 MAD. Livraison immédiate. Une opportunité abordable pour démarrer un commerce à Al Hoceima.",136000,DH,26.0,,Vente,,,Al Hoceima,Local,https://www.avito.ma/fr/al_hoceima/local/Commerces_rentables_de_17_à_26m²_à_Beni_Bouayach_55718195.htm,136000,Budget
Location de bureau par jour,"Nouveau sur Casablanca, COWORK & LIVE by Melliber vous offre un bureau équipé dans un cadre professionnel en plein bd Moulay Youssef, prêt de toutes les commodités et avec un large choix de services.
Bureau CAIRO est équipé avec un plateau de bureau, fixe, conçu pour les personnes qui désirent trava",300,DH,,,Location,,,Bourgogne,Bureaux,https://www.avito.ma/fr/bourgogne/bureaux/Location_de_bureau_par_jour_54153642.htm,300,Budget
CMN-MA-2450 - Appartement à vendre à Bd Anoual,"Découvrez ce superbe appartement entièrement rénové, sur le Boulevard Anoual à Casablanca, un emplacement recherché offrant un cadre de vie pratique et agréable.

Avec ses 114 m² au 3ème étage, ce bien combine élégance, modernité et confort — idéal pour une famille ou un investissement patrimonial s",1800000,DH,114.0,,Vente,,,Autre Secteur,Appartements,https://www.avito.ma/fr/autre_secteur/appartements/CMN_MA_2450___Appartement_à_vendre_à_Bd_Anoual_57276428.htm,1800000,Premium
Appartement à louer à Nejma,"Appartement vide de standing à louer au mois – Quartier Nejma | Tanger

Opportunité exceptionnelle de louer un appartement spacieux et élégant situé au cœur du prestigieux quartier Nejma, à seulement 2 minutes de la mer  et à proximité immédiate de toutes les commodités essentielles.

 Caractéristiq",10000,DH,,,Location,,,Centre Ville,Appartements,https://www.avito.ma/fr/centre_ville/appartements/Appartement_à_louer_à_Nejma_57570197.htm,10000,Budget
"Ferme 2,6 ha avec Maison -Vue Panoramique-","NFAS IMMO est fière de vous présenter cette magnifique propriété de 2,6 hectares (26 000 m²), idéalement située à seulement 20 km du centre-ville de Benslimane. Véritable perle rare, ce domaine comprend déjà une petite maison fonctionnelle, raccordée aux réseaux d’électricité et d’eau potable. Le te",1600000,DH,,,Vente,,,Autre Secteur,Terrains Et Fermes,https://www.avito.ma/fr/autre_secteur/terrains_et_fermes/Ferme_2_6_ha_avec_Maison__Vue_Panoramique__57691539.htm,1600000,Premium
Crèche maternelle 218 m2 Ain Sebaa,"Notre Agence immobilière vous propose :
A vendre une crèche maternelle fonds et murs
Superficie 218 m2
Ayant 3 faces
capacité 100 enfants,
5 classes, bureau, espace des jeux, 
toilettes pour les petits et adultes 
Ain Sebaa
Prix 2000000 dh
Contacter notre Agence immobilière",2000000,DH,218.0,,Vente,,,Ain Sebaa,Autre Immobilier,https://www.avito.ma/fr/ain_sebaa/autre_immobilier/Crèche_maternelle_218_m2_Ain_Sebaa_57646616.htm,2000000,Premium
"2,1 ha – 8 km de Benslimane – Calme & Sérénité","L'agence NFAS IMMO est fière de vous présenter une opportunité foncière de qualité : un magnifique terrain agricole de 21 000 m² (2,1 hectares), idéalement situé à seulement 8 km du centre-ville de Benslimane. 
Ce bien bénéficie d'une accessibilité optimale via une piste cadastrée de seulement 1 km ",2600000,DH,,,Vente,,,Autre Secteur,Terrains Et Fermes,https://www.avito.ma/fr/autre_secteur/terrains_et_fermes/2_1_ha___8_km_de_Benslimane___Calme___Sérénité_57692809.htm,2600000,Premium
RAK-GU-1327 - Appartement à vendre à Izdihar,"Situé dans le quartier recherché d’Izdihar à Marrakech, cet appartement de 83 m² offre un cadre de vie paisible au sein d’une résidence fermée et sécurisée.

Idéal pour une famille ou un investissement locatif, cet espace de vie installé au 2ème étage d’un immeuble de 4 niveaux bénéficie d’une orien",850000,DH,83.0,,Vente,,,Hay Izdihar,Appartements,https://www.avito.ma/fr/hay_izdihar/appartements/RAK_GU_1327___Appartement_à_vendre_à_Izdihar_57583488.htm,850000,Mid-range
Superbe appartement de 3 ch salon a Prestigia,"Appartement vide a louer à Préstigia à proximité immédiate de toutes les commodités situé au 7-ème étage d'un belle immeuble parfaitement entretenu et très calme, superficie de 130 m² habitables en très bon état, lumineux et calme.se compose d'un entrée salon salle a manger cuisine équipée 3 chambre",14000,DH,130.0,3.0,Location,,,Hay Riad,Appartements,https://www.avito.ma/fr/hay_riad/appartements/Superbe_appartement_de_3_ch_salon_a_Prestigia_56178734.htm,14000,Budget
Sélectionnez votre appartement,"Location de vacances à Marrakech Gueliz la nuitée Près de la gare de train Gueliz

Pour les familles uniquement
Résidence sécurisée familiale avec piscine",350,DH,,,Location,,,Guéliz,Appartements,https://www.avito.ma/fr/guéliz/appartements/Sélectionnez_votre_appartement_56577725.htm,350,Budget
Terrains R2 de 120 à 140m² - Had Soualem,"Le lotissement Al Youssoufia se distingue par son emplacement stratégique, situé sur le boulevard principal Mohammed VI, à proximité de la municipalité de Had Soualem, des transports et de divers équipements de la ville.

Le lotissement propose une sélection limitée de lots de terrains bien orientés",3450,DH,,,Vente,,,Route D El Jadida,Terrains Et Fermes,https://www.avito.ma/fr/route_d_el_jadida/terrains_et_fermes/Terrains_R2_de_120_à_140m²___Had_Soualem_51804072.htm,3450,Budget
Local 66 m à louer à Marrakech Ain Mezouar,"Local commercial à louer – Emplacement stratégique

À louer, local commercial d’une superficie de 66 m², comprenant une mezzanine offrant un espace supplémentaire exploitable ainsi qu’une salle de bain.

Idéalement situé dans un quartier dynamique et proche de toutes commodités commerciales (cafés, ",33000,DH,66.0,,Location,,,Ain Mezouar,Local,https://www.avito.ma/fr/ain_mezouar/local/Local_66_m_à_louer_à_Marrakech_Ain_Mezouar_57585090.htm,33000,Budget
CMN-ME-1708 - Appartement à louer à La Gironde,"Situé dans le quartier recherché de La Gironde à Casablanca, cet appartement meublé de 104 m² offre un cadre de vie confortable et moderne, idéal pour une location longue durée.

Installé au 3ᵉ étage d’un immeuble sécurisé avec ascenseur, il bénéficie d’un environnement calme au sein d’une résidence",8500,DH,104.0,,Location,,,La Gironde,Appartements,https://www.avito.ma/fr/la_gironde/appartements/CMN_ME_1708___Appartement_à_louer_à_La_Gironde_57584258.htm,8500,Budget
CMN-AN-1907 - Bureau à vendre à Bourgogne,"Appartement de 75 m² à vendre  Parfait pour un centre de langue ou un cabinet médical ou autre activité de bureau. 

Situé en rez-de-chaussée, cet appartement de 75 m², dont 14 m² de terrasse, offre un espace fonctionnel et lumineux, idéal pour une activité professionnelle.
Il représente l'opportuni",850000,DH,75.0,,Vente,,,Bourgogne,Bureaux,https://www.avito.ma/fr/bourgogne/bureaux/CMN_AN_1907___Bureau_à_vendre_à_Bourgogne_57583485.htm,850000,Mid-range
Appartement à louer 100 m² à Mohammedia,"Appartement haut standing pas de vis a vis Etage 5
Hall d’entrée un salon une cuisine ac terrasse deux chambres deux salle de bain.",11000,DH,,,Location,,,Corniche,Appartements,https://www.avito.ma/fr/corniche/appartements/Appartement_à_louer_100_m²_à_Mohammedia_57647379.htm,11000,Budget
"Appartement moderne à louer Victor Hugo, Marrakech","Situé dans le quartier recherché de Victor Hugo, cet appartement moderne de 78 m² séduit par sa luminosité exceptionnelle grâce à ses grandes baies vitrées.

Il se compose de 3 chambres, dont une avec accès à un balcon, d’un salon confortable, d’une cuisine américaine fonctionnelle, d’une salle de b",8500,DH,78.0,3.0,Location,,,Victor Hugo,Appartements,https://www.avito.ma/fr/victor_hugo/appartements/Appartement_moderne_à_louer_Victor_Hugo__Marrakech_57697328.htm,8500,Budget
Mon bel appartement à Islan,"Appartement bien meublé à louer, au centre d'Agadir, meubles tout modernes, chambres à coucher bien arrangées, grand salon moderne, séjour avec TV LCD, cuisine équipée, salle de bain et salle de WC.",350,DH,,,Location,,,Hay Mohammadi,Appartements,https://www.avito.ma/fr/hay_mohammadi/appartements/Mon_bel_appartement_à_Islan_54944486.htm,350,Budget
Bel appartement à louer Guéliz derrière Carré Eden,"Appartement à louer – Longue durée – Guéliz, derrière Carré Eden
Bel appartement de 90 m², situé au 4ᵉ étage d’une résidence avec ascenseur, garage et terrasse.
Il comprend 2 chambres et un salon, à proximité immédiate de toutes les commodités.
Loyer : 12 000 MAD / mois",11000,DH,90.0,2.0,Location,,,Guéliz,Appartements,https://www.avito.ma/fr/guéliz/appartements/Bel_appartement_à_louer_Guéliz_derrière_Carré_Eden_57435443.htm,11000,Budget
Chic studio proche de toutes commodités,Je met à location de court durée des appartements meublé avec piscine et salle de sport pour les familles et les enfants,300,DH,,,Location,,,Guéliz,Appartements,https://www.avito.ma/fr/guéliz/appartements/Chic_studio_proche_de_toutes_commodités_55303449.htm,300,Budget
Bureau en location à Ain Sebaa 80m²,"Bureau neuf de 80m² à louer à Ain Sebaa, Casablanca, disponible immédiatement.
- Surface totale : 80 m²
- Frais de syndic : 500 Dhs/mois
- Ascenseur, sécurité, parking, climatisation, câblage téléphonique
- Caution : 2 mois
Contactez-moi pour plus d'informations.",8500,DH,80.0,,Location,,,Ain Sebaa,Bureaux,https://www.avito.ma/fr/ain_sebaa/bureaux/Bureau_en_location_à_Ain_Sebaa_80m²_57684817.htm,8500,Budget
قطعة أرضية للبيع بدريسية,"قطعة أرضية للبيع
المساحة: 90 متر مربع
 طريق  12 
عندها جوج واجهات

ثمن البيع: 1.600.000 درهم
⚠️ الثمن غير قابل للنقاش
مصاريف الوكالة: ٪؜1,5

📲 للتواصل عبر الواتساب فقط

Terrain à vendre
Superficie : 90 m²
Route 12
Avec deux façades

Prix : 1.600.000 DH
⚠️ Prix non négociable
Frais d’agence : 1,5 %

",1600000,DH,90.0,,Vente,,,Drissia,Terrains Et Fermes,https://www.avito.ma/fr/drissia/terrains_et_fermes/قطعة_أرضية_للبيع_بدريسية_57522441.htm,1600000,Premium
BENJDIA JOLI STUDIO MEUBLÉ À LOUER,"Situé au cœur de Benjdia, rue Omar Riffi, agréable studio meublé à louer d’environ 45 m², au 4ᵉ étage d’un immeuble sécurisé et bien entretenu.
Il se compose d’un salon lumineux avec petit balcon, d’une chambre à coucher avec placards, d’une salle de bain, ainsi que d’une cuisine semi-ouverte sur le",5500,DH,45.0,,Location,,,Ben Ejdia,Appartements,https://www.avito.ma/fr/ben_ejdia/appartements/BENJDIA_JOLI_STUDIO_MEUBLÉ_À_LOUER_57521491.htm,5500,Budget
Appartement meublé à louer 76 m² à El Mansouria,"Comment ne pas tomber sous le charme de ce superbe appartement meublé, à louer, à El Mansouria, dans une résidence sécurisée, Yasmina Beach.
D'une surface habitable de 75m² avec une orientation plein sud, très lumineux, il se compose ainsi :
- 2 chambres confortables,
- 2 salles de bain,
- 1 salon s",7000,DH,75.0,2.0,Location,,,El Mansouria,Appartements,https://www.avito.ma/fr/el_mansouria/appartements/Appartement_meublé_à_louer_76_m²_à_El_Mansouria_57547067.htm,7000,Budget
Superbe villa à louer à Harhoura avec vue sur mer,"PREMIUM Immobilier, vous propose à la location une belle villa, front de mer, située à Harhoura.

La villa est située dans une zone calme de Harhoura

Construite sur 3 niveaux sur un terrain de 400 m² elle se compose de:

- Belle et grande réception
- Salons européens
- Coin cheminée
- Salon marocai",25000,DH,400.0,,Location,,,Harhoura,Villas Et Riads,https://www.avito.ma/fr/harhoura/villas_et_riads/Superbe_villa_à_louer_à_Harhoura_avec_vue_sur_mer_57706711.htm,25000,Budget
Appartement neuf 83 m² à Ain Sebaâ,"Découvrez nos appartements F3 Composés d’un salon, d’une cuisine et d’une salle de bain, nos appartements F2 sont proposés en trois agencements différents, sur une superficie de 85 m². Situés à Ain Sebaâ, au cœur d’un quartier en plein essor, à deux pas de la nouvelle promenade du boulevard Ahmad Me",959600,DH,85.0,,Vente,,,Ain Sebaa,Appartements,https://www.avito.ma/fr/ain_sebaa/appartements/Appartement_neuf_83_m²_à_Ain_Sebaâ_55095262.htm,959600,Mid-range
Appartement à louer 52 m² à Agadir,"✨ Appartement meublé à Agadir – cinque min de la plage
Profitez d’un séjour confortable dans un appartement moderne,bien meublé ,climatisé, avec Wi-Fi et cuisine équipée.Dans une résidence fermée avec piscine et surveillée par les caméras,les agents de sécurité dans chaque portail.
Idéal pour person",350,DH,,,Location,,,Centre Ville,Appartements,https://www.avito.ma/fr/centre_ville/appartements/Appartement_à_louer_52_m²_à_Agadir_56565168.htm,350,Budget
En location vacances à islan,Jolie appartement meublé en location vacances à islan avec piscine,300,DH,,,Location,,,Hay Mohammadi,Appartements,https://www.avito.ma/fr/hay_mohammadi/appartements/En_location_vacances_à_islan_56491408.htm,300,Budget
LOTS DE VILLAS DE 294 À 555 M² À SALA AL JADIDA,"Désirez-vous devenir propriétaire d’une villa et développer votre patrimoine ?

Le lotissement AL MAAMORA vous propose des lots de villas exceptionnels, en bande ou isolées, dans un site calme et prospère.

Des lots viabilisés et équipés, de 294 à 555m², à aménager en R1 avec sous-sol.

Alors, il ne",4600,DH,555.0,,Vente,,,Autre Secteur,Villas Et Riads,https://www.avito.ma/fr/autre_secteur/villas_et_riads/LOTS_DE_VILLAS_DE_294_À_555_M²_À_SALA_AL_JADIDA_42098023.htm,4600,Budget
Magnifique local commercial avec plateau bureaux,"🏢 Local commercial entièrement rénové – Quartier des Hôpitaux

Découvrez ce trés beau local commercial rénové, idéal pour une activité professionnelle, showroom ou cabinet, situé dans le quartier des Hôpitaux, à proximité du Boulevard 2 Mars et des Habbous.

D’une superficie totale de 193 m² réparti",4250000,DH,193.0,,Vente,,,Quartier Des Hôpitaux,Local,https://www.avito.ma/fr/quartier_des_hôpitaux/local/Magnifique_local_commercial_avec_plateau_bureaux_57169326.htm,4250000,Premium
Appartement bien situé,"Bonjour,

Je mets en location à la nuitée un appartement meublé à l‘avenue Hassan 2 à proximité de la gare avec un agréable balcon donnant sur le théâtre municipal de Marrakech, une salle de bain moderne avec douche italienne, une cuisine entièrement équipée (réfrigérateur, machine à laver et machin",750,DH,,,Location,,,Guéliz,Appartements,https://www.avito.ma/fr/guéliz/appartements/Appartement_bien_situé_49663635.htm,750,Budget
Local commercial à louer à Houmat El Alia,"Merci de ne pas répondre aux appels, uniquement un message audio WhatsApp, nous nous entendrons, si Dieu le veut.
Toutes les informations sont écrites ici.
Local commercial à louer à Houmat El Alia à Charaf, Place Toro.
Superficie 80 mètres, route 12.
Laissez-moi un message concernant l'activité que",4000,DH,80.0,,Location,,,Charf,Local,https://www.avito.ma/fr/charf/local/Local_commercial_à_louer_à_Houmat_El_Alia_57079294.htm,4000,Budget
Appartement meublé 2 chambres à louer – Maarif,"À louer, bel appartement meublé situé au Maarif, exactement à l’angle rue Socrate et boulevard Yacoub El Mansour. Il se compose de 2 chambres, un salon confortable, 2 salles de bain et une cuisine équipée. L’appartement est situé dans une résidence calme avec ascenseur et dispose d’une place de park",8000,DH,,2.0,Location,,,Maarif,Appartements,https://www.avito.ma/fr/maarif/appartements/Appartement_meublé_2_chambres_à_louer___Maarif_57673134.htm,8000,Budget
Villa à temara centre ville,"Villa à vendre à Temara centre ville d'une superficie de terrain 350 m² se compose de trois niveaux:
Sous sol : cuisine équipée salon chambre, SDB.
Rez-de-chaussée : trois salons, séjour, SDB.
Étage : chambre parentale avec dressing et SDB, trois chambres avec placards et SDB.
Pour plus d'informatio",3500000,DH,350.0,,Vente,,,Centre Ville,Villas Et Riads,https://www.avito.ma/fr/centre_ville/villas_et_riads/Villa_à_temara_centre_ville_49647421.htm,3500000,Premium
Appartement vide de 3 chambres et place de parking,"Appartement vide à louer mensuellement dans le quartier Fonti العليا
Composé de trois chambres, un salon, une cuisine et deux salles de bain
Et un endroit privé pour garer la voiture dans un garage souterrain
Sixième étage avec ascenseur
L'appartement est neuf
Le loyer mensuel est de 9000 dirhams et",9000,DH,,,Location,,,Haut Founty,Appartements,https://www.avito.ma/fr/haut_founty/appartements/Appartement_vide_de_3_chambres_et_place_de_parking_57661186.htm,9000,Budget
Studio meublé aux Princesses à louer – Design 52m2,"Apollodore, agence immobilière de premier plan au Maroc, vous invite à découvrir ce Studio meublé aux Princesses. Idéalement conçu pour une location à Casablanca, ce bien d’exception s’inscrit parfaitement dans l'immobilier de luxe au Maroc. Cet appartement de 52m2, situé au troisième étage d'une ré",8200,DH,52.0,,Location,,,Les Princesses,Appartements,https://www.avito.ma/fr/les_princesses/appartements/Studio_meublé_aux_Princesses_à_louer___Design_52m2_57546631.htm,8200,Budget
Appartements très propres et sécurisés. Pour familles et entreprises. Tanger,"Appartements excellents à louer, équipés de tous les équipements ménagers. Chauffe-eau, climatiseur, appareil wifi.",250,DH,,,Location,,,Marjane,Appartements,https://www.avito.ma/fr/marjane/appartements/Appartements_très_propres_et_sécurisés__Pour_familles_et_entreprises__Tanger_57458171.htm,250,Budget
Appartement à vendre Tanger Quartier Mesnana,"Superficie 83 m²
Étage 2ème
État juridique : Titre foncier (محفظ)",1090000,DH,83.0,,Vente,,,Mesnana,Appartements,https://www.avito.ma/fr/mesnana/appartements/Appartement_à_vendre_Tanger_Quartier_Mesnana_57706719.htm,1090000,Premium
Appartement à Fès route d'Imouzzer,"Appartement à louer bien équipé route d'Immouzer, seulement pour les familles",300,DH,,,Location,,,Route D Immouzere,Appartements,https://www.avito.ma/fr/route_d_immouzere/appartements/Appartement_à_Fès_route_d_Imouzzer_57263717.htm,300,Budget
Appartement 163 m² Résidence DYAR - LA GIRONDE,"Bel appartement lumineux avec deux façades à louer dans une résidence fermée et sécurisée
Il est composé de
Une grande suite parentale avec salle de bain et dressing
Deux grandes chambres avec placard et une salle de bain commune
Un double salon avec balcon sur le boulevard
Une grande cuisine équipé",10000,DH,,,Location,,,La Gironde,Appartements,https://www.avito.ma/fr/la_gironde/appartements/Appartement_163_m²_Résidence_DYAR___LA_GIRONDE_57180451.htm,10000,Budget
Call Center Entièrement équipés En Location 120 M,"Centre de domiciliation met en location un plateau Bureau de 120 mettre carré , immeuble professionnel
Disponible immédiatement
Conditions : 2 mois de Caution, un mois de Loyer .
Pour plus d’informations Veuillez Contacter Mr Houcine par téléphone ...
Disponibilité : 13 Janvier 2026",17500,DH,,,Location,,,Anfa,Bureaux,https://www.avito.ma/fr/anfa/bureaux/Call_Center_Entièrement_équipés_En_Location_120_M_57195044.htm,17500,Budget
Centre d'Appel Aménagée Au Coeur de Centre Ville,"Location Plateaux bureau utilisation pour Centre d'appel de 120 mettre carré bien aménagée avec les postes et les ordinateurs , cameras etc ....
Loyer . 17500 DHS / TTC
Conditions . Deux Mois de Caution .
Pour plus d informations veuillez contacter Mr Saber par téléphone 
Disponibilité : 13 Janvier ",17498,DH,,,Location,,,Sidi Belyout,Bureaux,https://www.avito.ma/fr/sidi_belyout/bureaux/Centre_d_Appel_Aménagée_Au_Coeur_de_Centre_Ville_57195006.htm,17498,Budget
Commerces rentables de 124 à 451 m² à Av. Mly Ismail,Locaux commerciaux de 124 à 451 m² situés sur l'Avenue Moulay Ismail. Prix à partir de 1.278.000 MAD. Livraison immédiate. Idéal pour un grand projet commercial dans une zone à fort potentiel de Tanger.,1278000,DH,451.0,,Vente,,,Drissia,Local,https://www.avito.ma/fr/drissia/local/Commerces_rentables_de_124_à_451_m²_à_Av__Mly_Ismail_55718193.htm,1278000,Premium
Appartement équipé uniquement pour les familles,Appartement équipé uniquement pour les familles,250,DH,,,Vente,,,Ain Amiyer,Appartements,https://www.avito.ma/fr/ain_amiyer/appartements/Appartement_équipé_uniquement_pour_les_familles_57280242.htm,250,Budget
Un bel appartement avec piscine,Très bel appartement meublé avec piscine à Islan,300,DH,,,Vente,,,Hay Mohammadi,Appartements,https://www.avito.ma/fr/hay_mohammadi/appartements/Un_bel_appartement_avec_piscine_57231764.htm,300,Budget
Appartement moderne 2 chambres à louer,"Location d’une magnifique appartement

📍Marrakech Victor Hugo .
 ⏳la location long duré ,
✅Un logement neuf, dans un immeuble récemment achevé
L'appartement ce compose de deux chambres à coucher ,deux salle de bain ,une cuisine à l’américaine équipée et un salon spacieux avec une belle terrasse.
Pou",13000,DH,,,Location,,,Victor Hugo,Appartements,https://www.avito.ma/fr/victor_hugo/appartements/Appartement_moderne_2_chambres_à_louer_57317587.htm,13000,Budget
Commerces rentables de 63 à 252m² à Branes,"Chaabi Lil Iskane vous propose une sélection de locaux commerciaux au RDC de la résidence AL KARAMA à Tanger, sur avenue des FAR, dans un secteur dynamique très demandé et idéal pour booster votre activité commerciale.
La superficie des commerces varie de 63 à 252 m²
Livraison immédiate.
Nombre de c",573300,DH,252.0,,Vente,,,Branes 2,Local,https://www.avito.ma/fr/branes_2/local/Commerces_rentables_de_63_à_252m²_à_Branes_49187974.htm,573300,Mid-range
Appartement 3 Chambres à Tanger en face la gare,"Gare de TGV de Train & Mall Malabata
Nouveau Appartement pour location a MALABATA

Vous et votre famille serez proches de tous les sites et commodités lorsque vous séjournerez dans ce logement central.
situé au coeur du centre-ville de tanger à proximité immédiate des centres commerciaux de la ville",800,DH,,,Location,,,Tanger City Center,Appartements,https://www.avito.ma/fr/tanger_city_center/appartements/Appartement_3_Chambres_à_Tanger_en_face_la_gare_57504699.htm,800,Budget
Appartement calme et très confortable à louer à la journée à Rabat Agdal,"Appartement meublé à louer à la journée à Rabat, quartier Agdal, composé d'une chambre, d'un très grand salon marocain et d'une cuisine équipée de tous les éléments essentiels, d'une salle de bain et de toilettes. Situé au premier étage avec ascenseur dans une résidence moderne à proximité de la gar",700,DH,,,Location,,,Agdal,Appartements,https://www.avito.ma/fr/agdal/appartements/Appartement_calme_et_très_confortable_à_louer_à_la_journée_à_Rabat_Agdal_56072494.htm,700,Budget
Appartement meublé,Appartement meublé à louer,250,DH,,,Location,,,Centre Ville,Appartements,https://www.avito.ma/fr/centre_ville/appartements/Appartement_meublé_55114224.htm,250,Budget
Joli appartement 3 chambres meublé Targa,"- JOLI APPARTEMENT 3 CHAMBRES MEUBLÉ NEUF À LOUER-MARRAKECH :

- Je vous propose à la location longue durée un appartement 3 chambres meublé.Au niveau du 4 eme étage avec ascenseur,d’une résidence avec piscine commune,proche de toutes de commodités ( shopping, Cafés, Restaurants .....),l’appartement",7000,DH,,3.0,Location,,,Hay Targa,Appartements,https://www.avito.ma/fr/hay_targa/appartements/Joli_appartement_3_chambres_meublé_Targa_57538433.htm,7000,Budget
Magasin 110 m2 Gzenaya Tanger,"Vente un magasin de superficie 110 m2.
Ce dernier est situé dans un endroit idéal à Gzenaya secteur industriel de Tanger
Le magasin possède trois rideaux et salle de bain avec la hauteur de 4 mètres.
Le prix de ce bien est
1 080 000 dhs
Pour tout renseignement, veuillez me contacter
Abdelouahed.",1080000,DH,110.0,,Vente,,,Autre Secteur,Local,https://www.avito.ma/fr/autre_secteur/local/Magasin_110_m2_Gzenaya_Tanger_55866276.htm,1080000,Premium
Magasin n°3 à louer à Anoual / 2 Mars Casablanca,"Propriétaire loue 1 Magasin n°3 à l’intersection du boulevard Anoual et 2 Mars.
Rez de chausée 188 m²
Mezzanine 129 m²
Prix intéressant: 35.350 dhs toutes taxes comprises.
Proche de toutes commodités : Tram devant la porte, écoles, parc 2 mars.",35350,DH,188.0,,Location,,,2 Mars,Local,https://www.avito.ma/fr/2_mars/local/Magasin_n_3_à_louer_à_Anoual___2_Mars_Casablanca_56475288.htm,35350,Budget
Maison centre ville kasba titré,"maison rez-de-chaussée pls 1ère étage centre ville titré 
rez-de-chaussée composé de 2chanbres sal de bain séjour 
1er étage 3chanbres cuisine sal de bain séjour 
prix négociable descute
bon prix",500000,DH,,,Vente,,,Centre Ville,Maisons,https://www.avito.ma/fr/centre_ville/maisons/Maison_centre_ville_kasba_titré_57058292.htm,500000,Mid-range
Appartement à louer 50 m² à Casablanca,"Apollodore, agence immobilière de premier plan au Maroc, vous propose ce studio meublé à louer à Socrate. Parfaitement adapté pour une location studio Casablanca de prestige, cet appartement de luxe Socrate s'inscrit dans les standards de l'immobilier haut de gamme. Ce studio avec balcon et garage s",7200,DH,,,Location,,,Les Princesses,Appartements,https://www.avito.ma/fr/les_princesses/appartements/Appartement_à_louer_50_m²_à_Casablanca_57546919.htm,7200,Budget
"Appartement – AGDAL – 3 Chambres, Salon","Appartement – Agdal – 3 Chambres, Salon
Un très bel appartement de 130 m², situé au 1er etage avec ascenseur, quartier Agdal.
L’appartement est proche de tous les commerces et commodités :
- les écoles
- Centre commercial
- Station de tramway
... 
Il se compose de :
- Un salon
- trois chambre
- Une ",14000,DH,130.0,3.0,Vente,,,Agdal,Appartements,https://www.avito.ma/fr/agdal/appartements/Appartement___AGDAL___3_Chambres__Salon_57706698.htm,14000,Budget
Villa d'Exception - California Golf Resort,"Magnifique villa entièrement rénovée située dans la prestigieuse résidence sécurisée : California Golf Resort , bénéficiant d'une position privilégiée en bout de bande garantissant calme et intimité. 

Localisation : Bouskoura - Palmeraie California Golf Resort
Orientation : Sud-Ouest (luminosité op",7500000,DH,,,Vente,,,Ville Verte,Villas Et Riads,https://www.avito.ma/fr/ville_verte/villas_et_riads/Villa_d_Exception___California_Golf_Resort_57697202.htm,7500000,Luxury
Appartement Prestigia,"Marrakech appartement Prestigia à louer à la journée pour les familles, résidence sécurisée avec piscine et terrain de golf.",600,DH,,,Location,,,Bab Ighli,Appartements,https://www.avito.ma/fr/bab_ighli/appartements/Appartement_Prestigia_42265529.htm,600,Budget
Hectare propriété,"Hectare et 2000 mètres, propriété notariale enregistrable, commune de Saada",750000,DH,,,Vente,,,Route D Agadir   Essaouira,Terrains Et Fermes,https://www.avito.ma/fr/route_d_agadir___essaouira/terrains_et_fermes/Hectare_propriété_57706701.htm,750000,Mid-range
Très bel appartement à vendre 75 m² à Salé,"Situé en face de l'hôpital Akdital de Salé, ce superbe appartement de 75 m², tout rénové et à vendre, est très ensoleillé. Il est proche de toutes les commodités, à 5 minutes du tram et à 1 minutes du magasin Carrefour.
Il est constitué de la façon suivante :
- 2 chambres,
- 1 salon salle à manger,
",1070000,DH,75.0,2.0,Vente,,,Bettana,Appartements,https://www.avito.ma/fr/bettana/appartements/Très_bel_appartement_à_vendre_75_m²_à_Salé_57247391.htm,1070000,Premium
Terrain à la montagne avec titre foncier à vendre,"Wadras proche de la route où il est possible de construire 630 mètres
Titre foncier",400000,DH,,,Vente,,,Autre Secteur,Terrains Et Fermes,https://www.avito.ma/fr/autre_secteur/terrains_et_fermes/Terrain_à_la_montagne_avec_titre_foncier_à_vendre_54079876.htm,400000,Mid-range
👌🏻 Local commercial à louer – Quartier Zemmouri 1,"Local commercial à louer – Quartier zemmouri 1

Local commercial bien situé à zemmouri 1, d’une superficie de 70 m².
Idéal pour tout type d’activité (boutique, boulangerie , bureau, agence, etc.).

✔ Superficie : 70 m²
✔ Emplacement stratégique
✔ Bonne visibilité

💰 Prix : 8700 DH / mois

Pour plus ",8700,DH,70.0,,Location,,,Zemmouri,Local,https://www.avito.ma/fr/zemmouri/local/_____Local_commercial_à_louer___Quartier_Zemmouri_1_57526999.htm,8700,Budget
CMN-HA-1775 - Appartement à vendre à CIL,"À vendre  Appartement 100 m²  Quartier CIL, Casablanca

Opportunité rare dans l’un des quartiers les plus recherchés de Casablanca. Cet appartement de 100 m², situé dans une résidence fermée au cœur du quartier CIL, offre un cadre de vie paisible et lumineux. 

Idéal pour une famille ou un investiss",1200000,DH,100.0,,Vente,,,C.I.L,Appartements,https://www.avito.ma/fr/c.i.l/appartements/CMN_HA_1775___Appartement_à_vendre_à_CIL_56515840.htm,1200000,Premium
JOLI APPARTEMENT MEUBLE,"PREMIUM Immobilier, vous propose à la location un joli appartement Meublé avec vue dégagée à Hay Ryad.

Situé au 2ème étage d’un immeuble sécurisé avec ascenseur, cet appartement se compose de:

Salon Européen avec balcon
Espace salle à manger
Cuisine équipée avec buanderie
Chambre parentale avec dr",14500,DH,,,Location,,,Hay Riad,Appartements,https://www.avito.ma/fr/hay_riad/appartements/JOLI_APPARTEMENT_MEUBLE_57555145.htm,14500,Budget
Terrain à vendre – Almaz,"Serraj Immobilier
vous propose : Terrain situé dans le quartier Almaz, emplacement stratégique, proche de commerces et axes principaux
Idéal pour activité commerciale ou projet professionnel
Quartier calme et accessible
13 000 Dh/m²
Pour plus d’informations ou organiser une visite, merci de nous con",1560000,DH,,,Vente,,,Almaz,Terrains Et Fermes,https://www.avito.ma/fr/almaz/terrains_et_fermes/Terrain_à_vendre___Almaz_57675106.htm,1560000,Premium
Appartement à louer 56 m² à Marrakech,"Studio meublé à louer – Longue durée – Quartier Victor Hugo | Marrakech

Nous vous proposons un studio meublé à louer pour une longue durée, situé dans le quartier prisé de Victor Hugo, à proximité de toutes les commodités.

Caractéristiques du studio :
	•	Composé de 1 chambre et 1 salon
	•	Meublé
	",6000,DH,,1.0,Location,,,Guéliz,Appartements,https://www.avito.ma/fr/guéliz/appartements/Appartement_à_louer_56_m²_à_Marrakech_57446566.htm,6000,Budget
Local commercial 257 m² à louer à branzaran maarif,"Local commercial à louer Quartier Maarif Bd. Biranzarane
Superficie : 247 m2
Le prix : 50 000 dhs",50000,DH,247.0,,Location,,,Maarif,Local,https://www.avito.ma/fr/maarif/local/Local_commercial_257_m²_à_louer_à_branzaran_maarif_57196804.htm,50000,Budget
Studio Location de vacances Hermitage,"Très belle studio location journalier haut standing une chambre salon cuisine équipée une salle de bain terrasse 3 étage avec ascenseur parking titrée dans une Résidence sécurisé ,",600,DH,,,Location,,,Quartier Des Hôpitaux,Appartements,https://www.avito.ma/fr/quartier_des_hôpitaux/appartements/Studio_Location_de_vacances_Hermitage_54846758.htm,600,Budget
À louer studio moderne chic à Maarif extension,"       À louer superbe studio meublé situé à Maârif Extension, rue des Acacias, dans un immeuble calme et bien entretenu.

-Superficie : 60 m² et 35 m² de terrasse
-5ᵉ étage – très lumineux – 3 façades
-Salon avec accès terrasse
-Coin nuit bien agencé
-Cuisine équipée
-Salle de bain moderne
-Place d",8000,DH,60.0,,Location,,,Maârif Extension,Appartements,https://www.avito.ma/fr/maârif_extension/appartements/À_louer_studio_moderne_chic_à_Maarif_extension_57672593.htm,8000,Budget
CMN-SI-1916 - Appartement à vendre à Bourgogne Est,"Découvrez cet appartement spacieux de 87 m², situé au 5ᵉ étage avec ascenseur, au cœur du quartier Bourgogne Est à Casablanca.

Implanté dans une résidence fermée et sécurisée, ce bien bénéficie d’une orientation Nord-Est pour le séjour et Est pour les chambres, offrant une belle luminosité naturell",1373000,DH,87.0,,Vente,,,Bourgogne,Appartements,https://www.avito.ma/fr/bourgogne/appartements/CMN_SI_1916___Appartement_à_vendre_à_Bourgogne_Est_57549186.htm,1373000,Premium
Appart avec 3 chambres sur 2 mars pour location,"serraj immobilier

appartement non meublé de 116 m²
L’appartement se compose de :

Un grand salon avec cheminée, spacieux et lumineux

Une chambre parentale avec salle de bain privative

Deux chambres confortables, dont une dispose de deux balcons

Une grande cuisine donnant sur une petite terrasse
",7800,DH,116.0,,Location,,,2 Mars,Appartements,https://www.avito.ma/fr/2_mars/appartements/Appart_avec_3_chambres_sur_2_mars_pour_location_57622404.htm,7800,Budget
CMN-AN-1884 - Appartement à vendre à Bourgogne,"Découvrez cet appartement situé au dernier étage d’un immeuble bien entretenu dans le quartier prisé de Bourgogne Ouest à Casablanca.

D’une superficie de 80 m², ce bien offre un cadre de vie agréable et fonctionnel, idéal pour une résidence principale ou un investissement immobilier.

Situé au 5ème",1300000,DH,80.0,,Vente,,,Bourgogne,Appartements,https://www.avito.ma/fr/bourgogne/appartements/CMN_AN_1884___Appartement_à_vendre_à_Bourgogne_57370097.htm,1300000,Premium
Bel appart à vendre 78m2 côté calif,"A ne pas rater
Ensoleillé toute la journée
Immeuble doté d 1 ascenseur et parking sous sol
Quartier jdid et tres calme
Proche de toute les commodités
L appart est disponible une superficie de 78m2
Contient 1salon hall plus salle d eau de réception deux chambres dont une suite parentale avec sdb
Balc",95500,DH,78.0,,Vente,,,Aïn Chock,Appartements,https://www.avito.ma/fr/aïn_chock/appartements/Bel_appart_à_vendre_78m2_côté_calif_57634730.htm,95500,Budget
Joli appart à centre de Guéliz,Bienvenue à Marrakech excellence,300,DH,,,Vente,,,Guéliz,Appartements,https://www.avito.ma/fr/guéliz/appartements/Joli_appart_à_centre_de_Guéliz_57643335.htm,300,Budget
À VENDRE TERRAIN R 3 À SIDI MOUMEN,"🏗️ Terrain R 3 à vendre – Sidi Moumen, Casablanca

📍 Situé à Sidi Moumen, à Casablanca, ce terrain bénéficie d’un fort potentiel de développement.

📐 Superficie : 3 500 m²
🏢 Zonage : R 3 (immeuble résidentiel jusqu’à 3 étages)

✨ Atouts :
	•	Grande superficie idéale pour projet immobilier
	•	Adapté ",4800,DH,500.0,,Vente,,,Sidi Moumen,Terrains Et Fermes,https://www.avito.ma/fr/sidi_moumen/terrains_et_fermes/À_VENDRE_TERRAIN_R_3_À_SIDI_MOUMEN_57605048.htm,4800,Budget
Crèche à vendre - Had Soualem,"Dans le cadre du développement de la ville de Had Soualem, ce terrain nu de 447 m² est idéal pour la construction d'une crèche. Localisé dans le projet Al Youssoufia, cet emplacement offre de nombreuses possibilités de développement pour répondre aux besoins croissants des familles de la région.
Pri",2011500,DH,447.0,,Vente,,,Had Soualem,Autre Immobilier,https://www.avito.ma/fr/had_soualem/autre_immobilier/Crèche_à_vendre___Had_Soualem_55503326.htm,2011500,Premium
CMN-MA-2188 - Appartement à vendre à Racine,"Découvrez ce bureau de 144 m², idéalement situé au 1er étage d'un immeuble à usage bureau et habitation dans le quartier prisé de Racine, à Casablanca.

Ce bien spacieux offre de belles perspectives pour une éventuelle transformation ou aménagement selon vos besoins.

Sa configuration sur deux façad",1680000,DH,144.0,,Vente,,,Racine,Appartements,https://www.avito.ma/fr/racine/appartements/CMN_MA_2188___Appartement_à_vendre_à_Racine_56537855.htm,1680000,Premium
"COMMERCE DE 194 À 195 M² SUR AV. MOHAMMED VI, AGDAL","Chaabi Lil Iskane vous propose au RDC de la nouvelle tranche de son prestigieux projet Riad Garden Marrakech II, situé sur la principale avenue Mohammed VI à l'Agdal, des magasins de différentes superficies fonctionnelles pour diverses activités, variant entre 194 et 195 m².

Les magasins disposent ",4777000,DH,195.0,,Vente,,,Agdal,Local,https://www.avito.ma/fr/agdal/local/COMMERCE_DE_194_À_195_M²_SUR_AV__MOHAMMED_VI__AGDAL_47711040.htm,4777000,Premium
Studio à louer 59 m² à izdihar,"Studio confortable situé au 4ème étage d’une résidence calme, composé d’une chambre, d’un salon et d’un séjour, avec ascenseur pour un accès facile.
	•	Loyer mensuel : 6 500 MAD",6500,DH,,,Location,,,Hay Izdihar,Appartements,https://www.avito.ma/fr/hay_izdihar/appartements/Studio_à_louer_59_m²_à_izdihar_57656276.htm,6500,Budget
Appartement En Location - Roches Noires,"✅ Location Appartement Vide – Roches Noires, Casablanca

À louer un superbe appartement, Vide situé à Roches Noires bd molay Ismail proche de toutes les installations, dans une résidence récente, sécurisée avec ascenseur et parking.

✨ Caractéristiques :
2 chambres spacieuses et lumineuses
1 salon c",5500,DH,,2.0,Location,,,Roches Noires,Appartements,https://www.avito.ma/fr/roches_noires/appartements/Appartement_En_Location___Roches_Noires_56088377.htm,5500,Budget
Appartement neuf dans une residence avec Piscine,"Très bel appartement jamais habité dans une résidence gardée avec piscine et jardins. Exposé est-ouest, cet appartement de 123 m² titrés (incluant terrasse et place de parking) est composé d'une large entrée, d'un salon, d'une terrasse de 12 m², de 2 chambres à coucher, d'une salle d'eau et d'une sa",1500000,DH,123.0,2.0,Vente,,,Dar Bouazza,Appartements,https://www.avito.ma/fr/dar_bouazza/appartements/Appartement_neuf_dans_une_residence_avec_Piscine_57697335.htm,1500000,Premium
Appartement meublé à louer mensuellement à Malabata Hills,"L'agence immobilière Al Manar vous propose  
Un appartement meublé à louer mensuellement à Malabata Hills
Il se compose de trois chambres, deux salles de bain, un salon, une cuisine, une terrasse et un balcon 
Superficie 140 m², au troisième étage, avec ascenseur et garage
Pour plus d'informations, ",12000,DH,140.0,,Location,,,Malabata,Appartements,https://www.avito.ma/fr/malabata/appartements/Appartement_meublé_à_louer_mensuellement_à_Malabata_Hills_56715740.htm,12000,Budget
Ola Blanca,Ola Blanca,800000,DH,,,Vente,,,Sidi Rahal,Appartements,https://www.avito.ma/fr/sidi_rahal/appartements/Ola_Blanca_57706687.htm,800000,Mid-range
Maison ensoleillée avec deux façades à vendre dans un bel emplacement et proche de tout,"Le sous-sol se compose uniquement d'un local commercial, le quart restant est vendu",900000,DH,,,Vente,,,Sidi Othmane,Maisons,https://www.avito.ma/fr/sidi_othmane/maisons/Maison_ensoleillée_avec_deux_façades_à_vendre_dans_un_bel_emplacement_et_proche_de_tout_57706684.htm,900000,Mid-range
Appartement meublé à louer à Wifak,Appartement meublé à louer à Wifak meuble neuf,5000,DH,,,Location,,,Wifak,Appartements,https://www.avito.ma/fr/wifak/appartements/Appartement_meublé_à_louer_à_Wifak_57274188.htm,5000,Budget
Local commercial à vendre à Hay El Ouaroud Sidi Maarouf,"Excellent local commercial à vendre à Hay El Ouaroud Sidi Maarouf, superficie 50m², façade 32m², hauteur 5m. Aménagé avec toilettes.",860000,DH,50.0,,Vente,,,Autre Secteur,Appartements,https://www.avito.ma/fr/autre_secteur/appartements/Local_commercial_à_vendre_à_Hay_El_Ouaroud_Sidi_Maarouf_57628383.htm,860000,Mid-range
Appartement luxe à vendre,"Kenidari vous propose un appartement haute standing à vendre dans un quartier calme et sécurise immeuble contient 2 appartements par étage finition luxe il se compose de 3 chambres salon séjour cuisine équipée 2 salles de bains balcon ,",1270000,DH,,3.0,Vente,,,Mimosas,Appartements,https://www.avito.ma/fr/mimosas/appartements/Appartement_luxe_à_vendre_57320168.htm,1270000,Premium
Villa moderne de 5 chambres à louer à Chrifia,"🏡 Villa moderne à louer – 50 000 MAD / mois
📍 Chrifia – Marrakech
JJ REALESTATE propose une magnifique villa moderne en première ligne à Chrifia, offrant élégance, confort et une vue imprenable.
✨ Caractéristiques :
	• Suite parentale au rez-de-chaussée avec salle de bain
	• 4 chambres à l’étage
	• ",50000,DH,,4.0,Location,,,Autre Secteur,Villas Et Riads,https://www.avito.ma/fr/autre_secteur/villas_et_riads/Villa_moderne_de_5_chambres_à_louer_à_Chrifia_57004168.htm,50000,Budget
Appartement à louer 120 m² à Casablanca,"Appartement neuf, meublé, pour une location de longue durée, composé d'un salon, deux chambres, deux salles de bain, une cuisine équipée, un séjour et un balcon au deuxième étage de la résidence et très bien ensoleillé.
Equipements de haut de gamme, wifi gratuit, Double vitrage, climatisation en gai",17000,DH,,,Location,,,Bourgogne,Appartements,https://www.avito.ma/fr/bourgogne/appartements/Appartement_à_louer_120_m²_à_Casablanca_43538804.htm,17000,Budget
Magnifique appartement avec vue sur golf et atlas,"Au cœur de Prestigia-AMBRE, dans un environnement calme et verdoyant, découvrez cet élégant appartement de 120 m² offrant une vue exceptionnelle sur les jardins, la piscine, le golf et l’Atlas.

Il se compose de 2 chambres, dont une suite parentale avec dressing et salle de bain privative, d’un salo",17000,DH,120.0,2.0,Vente,,,Agdal,Appartements,https://www.avito.ma/fr/agdal/appartements/Magnifique_appartement_avec_vue_sur_golf_et_atlas_57697520.htm,17000,Budget
